City_ID,City,Country,Date,Lat,Lng,Max Temp,Humidity,Cloudiness,Wind Speed
0,Evensk,RU,2020-10-28 03:58:27,61.95,159.23,28.99,82,0,8.23
1,Pisco,PE,2020-10-28 03:49:39,-13.7,-76.22,63.0,82,0,8.05
2,Qaanaaq,GL,2020-10-28 03:50:34,77.48,-69.36,13.5,82,96,12.15
3,Cidreira,BR,2020-10-28 03:52:31,-30.18,-50.21,62.15,85,100,13.11
4,Hermanus,ZA,2020-10-28 03:50:28,-34.42,19.23,59.0,90,99,1.01
5,Lebu,CL,2020-10-28 03:51:58,-37.62,-73.65,50.92,88,100,12.33
6,Koindu,GN,2020-10-28 03:58:28,8.44,-10.33,68.2,91,30,0.92
7,Dikson,RU,2020-10-28 03:51:36,73.51,80.55,3.99,94,97,18.63
8,Wonthaggi,AU,2020-10-28 03:58:29,-38.6,145.59,73.0,71,46,13.09
9,Miyako,JP,2020-10-28 03:58:29,39.64,141.95,58.35,57,1,7.38
10,High Level,CA,2020-10-28 03:51:08,58.52,-117.14,26.6,92,90,6.93
11,Punta Arenas,CL,2020-10-28 03:50:33,-53.15,-70.92,41.0,80,40,21.92
12,Mecca,SA,2020-10-28 03:48:09,21.43,39.83,74.26,58,0,0.65
13,Dossor,KZ,2020-10-28 03:58:30,47.53,52.98,33.85,84,0,7.61
14,Ribeira Grande,PT,2020-10-28 03:50:32,38.52,-28.7,62.87,61,100,4.65
15,Hobyo,SO,2020-10-28 03:52:07,5.35,48.53,79.97,75,4,6.38
16,Mar Del Plata,AR,2020-10-28 03:51:06,-38.0,-57.56,57.0,100,0,5.82
17,Kongsberg,NO,2020-10-28 03:58:31,59.67,9.65,42.01,96,89,3.51
18,Batsfjord,NO,2020-10-28 03:58:31,70.63,29.72,37.4,93,75,14.99
19,Jamestown,US,2020-10-28 03:50:41,42.1,-79.24,41.0,100,90,4.92
20,Ushuaia,AR,2020-10-28 03:50:25,-54.8,-68.3,44.6,48,40,12.75
21,New Norfolk,AU,2020-10-28 03:58:31,-42.78,147.06,62.01,55,91,1.99
22,Husavik,IS,2020-10-28 03:52:11,66.04,-17.34,37.4,74,90,4.7
23,Yellowknife,CA,2020-10-28 03:50:53,62.46,-114.35,14.0,72,40,6.93
24,Castro,BR,2020-10-28 03:51:45,-24.79,-50.01,56.66,74,0,4.45
25,Esperance,AU,2020-10-28 03:51:55,-33.87,121.9,68.0,72,75,18.34
26,Banovici,BA,2020-10-28 03:58:32,44.41,18.52,39.2,100,99,1.12
27,Saskylakh,RU,2020-10-28 03:50:49,71.92,114.08,6.98,93,100,14.27
28,Rikitea,PF,2020-10-28 03:50:24,-23.12,-134.97,75.42,84,100,15.5
29,Kununurra,AU,2020-10-28 03:49:30,-15.77,128.73,93.2,46,53,5.82
30,Barrow,US,2020-10-28 03:50:49,71.29,-156.79,28.4,74,75,23.04
31,Coolum Beach,AU,2020-10-28 03:51:35,-26.53,153.1,75.99,80,54,5.01
32,Lufilufi,WS,2020-10-28 03:58:34,-13.87,-171.6,84.2,83,75,13.87
33,Busselton,AU,2020-10-28 03:51:34,-33.65,115.33,68.0,57,14,7.83
34,Caluquembe,AO,2020-10-28 03:58:34,-13.78,14.68,60.76,89,52,4.56
35,Albany,US,2020-10-28 03:50:42,42.6,-73.97,44.01,86,100,0.45
36,Atuona,PF,2020-10-28 03:50:54,-9.8,-139.03,78.78,73,1,18.9
37,Ambon,ID,2020-10-28 03:57:38,-3.7,128.18,84.45,71,41,10.42
38,La Ronge,CA,2020-10-28 03:52:31,55.1,-105.28,28.4,86,90,9.17
39,Port Alfred,ZA,2020-10-28 03:50:32,-33.59,26.89,63.34,83,54,11.34
40,Nikolskoye,RU,2020-10-28 03:51:18,59.7,30.79,52.0,87,90,11.18
41,Kapoeta,SS,2020-10-28 03:58:35,4.77,33.59,76.46,68,35,5.39
42,Darovskoy,RU,2020-10-28 03:58:36,58.77,47.96,31.05,97,0,7.92
43,Hithadhoo,MV,2020-10-28 03:51:30,-0.6,73.08,84.49,66,95,10.87
44,Isilkul,RU,2020-10-28 03:52:40,54.91,71.27,24.06,95,100,18.21
45,Tocache,PE,2020-10-28 03:58:36,-8.18,-76.51,71.92,89,100,1.81
46,Leirvik,NO,2020-10-28 03:58:37,59.78,5.5,48.99,88,88,5.01
47,Saint-Philippe,RE,2020-10-28 03:50:38,-21.36,55.77,77.0,61,0,6.93
48,Avarua,CK,2020-10-28 03:47:47,-21.21,-159.78,71.6,88,100,9.17
49,Upernavik,GL,2020-10-28 03:50:46,72.79,-56.15,15.17,78,0,5.82
50,Daloa,CI,2020-10-28 03:58:38,6.88,-6.45,70.05,99,38,2.08
51,Hervey Bay,AU,2020-10-28 03:58:38,-25.3,152.85,80.01,70,21,5.01
52,Bluff,NZ,2020-10-28 03:50:28,-46.6,168.33,55.0,76,72,11.01
53,Kokkola,FI,2020-10-28 03:58:38,63.84,23.13,46.0,100,0,8.05
54,Prieska,ZA,2020-10-28 03:58:38,-29.66,22.75,67.55,24,34,2.8
55,Chuy,UY,2020-10-28 03:52:20,-33.7,-53.46,62.11,97,100,8.48
56,Narsaq,GL,2020-10-28 03:51:26,60.92,-46.05,30.2,74,100,1.12
57,Georgetown,MY,2020-10-28 03:51:48,5.41,100.34,87.8,74,20,5.82
58,Aklavik,CA,2020-10-28 03:49:09,68.22,-135.01,10.4,85,90,2.24
59,Waipawa,NZ,2020-10-28 03:58:39,-41.41,175.52,64.99,67,84,11.41
60,Port Elizabeth,ZA,2020-10-28 03:51:54,-33.92,25.57,60.8,87,0,5.82
61,Chokurdakh,RU,2020-10-28 03:50:36,70.63,147.92,11.79,97,100,5.99
62,Adrar,MR,2020-10-28 03:49:00,20.5,-10.07,78.53,21,0,9.84
63,Vaini,TO,2020-10-28 03:51:24,-21.2,-175.2,78.8,74,20,9.17
64,Shiyan,CN,2020-10-28 03:58:40,32.65,110.78,59.31,66,100,1.66
65,Grindavik,IS,2020-10-28 03:51:15,63.84,-22.43,39.2,55,0,20.8
66,Berlevag,NO,2020-10-28 03:52:17,70.86,29.09,37.4,86,75,12.75
67,Kapaa,US,2020-10-28 03:46:01,22.08,-159.32,78.8,78,40,11.41
68,Lavrentiya,RU,2020-10-28 03:52:15,65.58,-171.0,27.39,90,29,8.16
69,Port Blair,IN,2020-10-28 03:58:42,11.67,92.75,84.09,69,96,3.71
70,Tasiilaq,GL,2020-10-28 03:51:14,65.61,-37.64,33.8,34,100,9.17
71,Cape Town,ZA,2020-10-28 03:46:27,-33.93,18.42,64.0,87,75,10.29
72,Asau,RO,2020-10-28 03:57:58,46.43,26.4,50.0,98,89,1.43
73,Mataura,NZ,2020-10-28 03:50:27,-46.19,168.86,55.0,76,99,11.01
74,Tuktoyaktuk,CA,2020-10-28 03:50:31,69.45,-133.04,10.4,92,90,16.11
75,Atlantic Beach,US,2020-10-28 03:58:43,30.33,-81.4,78.8,83,75,9.17
76,San Isidro,PE,2020-10-28 03:58:44,-12.12,-77.05,62.6,77,20,11.41
77,Vardo,NO,2020-10-28 03:56:35,70.37,31.11,37.4,93,75,14.99
78,Yumen,CN,2020-10-28 03:58:44,40.28,97.2,51.12,41,23,7.99
79,Saldanha,ZA,2020-10-28 03:53:02,-33.01,17.94,59.0,87,100,3.36
80,Waddan,LY,2020-10-28 03:58:44,29.16,16.14,60.33,93,3,7.0
81,Meulaboh,ID,2020-10-28 03:58:45,4.14,96.13,86.02,62,80,1.1
82,Balkhash,KZ,2020-10-28 03:58:45,46.84,74.98,33.8,55,20,15.66
83,Mzimba,MW,2020-10-28 03:58:45,-11.9,33.6,65.77,69,21,13.47
84,Karratha,AU,2020-10-28 03:58:45,-20.74,116.85,83.23,50,5,12.71
85,Nipawin,CA,2020-10-28 03:58:46,53.37,-104.0,26.6,100,90,8.05
86,Ambatondrazaka,MG,2020-10-28 03:58:46,-17.83,48.42,69.57,62,15,3.31
87,Longyearbyen,SJ,2020-10-28 03:52:01,78.22,15.64,30.2,86,75,5.82
88,Jiuquan,CN,2020-10-28 03:58:46,39.74,98.52,50.27,44,7,8.25
89,Kilindoni,TZ,2020-10-28 03:58:46,-7.91,39.67,78.71,83,18,12.41
90,Methoni,GR,2020-10-28 03:50:42,36.82,21.7,62.01,87,75,9.17
91,Itaituba,BR,2020-10-28 03:57:34,-4.28,-55.98,77.05,88,59,0.34
92,Bogale,MM,2020-10-28 03:58:47,16.28,95.4,84.13,76,53,4.94
93,Saint George,US,2020-10-28 03:52:25,37.1,-113.58,55.4,15,1,24.16
94,Hinton,CA,2020-10-28 03:58:47,53.4,-117.59,35.01,87,100,3.24
95,Touros,BR,2020-10-28 03:52:40,-5.2,-35.46,77.0,83,20,4.7
96,Oistins,BB,2020-10-28 03:58:48,13.07,-59.53,80.6,83,40,17.22
97,Turbat,PK,2020-10-28 03:58:48,26.0,63.04,80.35,17,0,3.24
98,Vestmannaeyjar,IS,2020-10-28 03:52:09,63.44,-20.27,41.7,68,61,21.32
99,Butaritari,KI,2020-10-28 03:50:28,3.07,172.79,81.36,65,12,3.96
100,Kruisfontein,ZA,2020-10-28 03:51:04,-34.0,24.73,55.99,96,45,5.99
101,Saiki,JP,2020-10-28 03:58:49,32.95,131.9,68.0,64,75,3.36
102,Mandalgovi,MN,2020-10-28 03:49:52,45.76,106.27,41.54,44,0,12.21
103,Kloulklubed,PW,2020-10-28 03:52:37,7.04,134.26,80.6,88,90,6.93
104,Hilo,US,2020-10-28 03:49:40,19.73,-155.09,78.8,78,75,3.36
105,Tiksi,RU,2020-10-28 03:51:37,71.69,128.87,-2.81,90,1,13.78
106,Codrington,AU,2020-10-28 03:52:00,-38.27,141.97,63.99,73,72,6.35
107,Grand Gaube,MU,2020-10-28 03:58:50,-20.01,57.66,75.99,73,1,5.01
108,Alugan,PH,2020-10-28 03:49:32,12.22,125.48,85.17,73,5,6.33
109,Bengkulu,ID,2020-10-28 03:50:58,-3.8,102.27,83.82,65,77,5.35
110,Mahebourg,MU,2020-10-28 03:50:47,-20.41,57.7,75.99,74,8,3.0
111,Hobart,AU,2020-10-28 03:48:46,-42.88,147.33,62.01,82,75,16.11
112,Saint-Joseph,RE,2020-10-28 03:58:51,-21.37,55.62,77.0,61,0,6.93
113,Ust-Uda,RU,2020-10-28 03:58:51,54.17,103.03,38.64,73,40,6.67
114,Raikot,IN,2020-10-28 03:58:51,30.65,75.6,78.51,17,0,0.94
115,Bredasdorp,ZA,2020-10-28 03:50:29,-34.53,20.04,59.0,87,100,3.36
116,Beberibe,BR,2020-10-28 03:58:52,-4.18,-38.13,80.6,78,40,8.05
117,Cabo San Lucas,MX,2020-10-28 03:51:21,22.89,-109.91,73.4,69,40,5.82
118,Laguna,US,2020-10-28 03:58:52,38.42,-121.42,62.01,47,1,5.08
119,Ariquemes,BR,2020-10-28 03:57:15,-9.91,-63.04,75.36,85,43,3.96
120,Fukue,JP,2020-10-28 03:52:00,32.69,128.84,69.8,64,0,6.93
121,Fuxin,CN,2020-10-28 03:58:53,42.02,121.66,52.25,35,0,10.0
122,Shetpe,KZ,2020-10-28 03:58:53,44.17,52.12,33.66,73,0,9.08
123,Dingle,PH,2020-10-28 03:52:13,11.0,122.67,88.18,67,15,1.23
124,Puerto Ayora,EC,2020-10-28 03:51:23,-0.74,-90.35,66.99,94,99,1.99
125,Salinopolis,BR,2020-10-28 03:58:54,-0.61,-47.36,79.48,84,58,10.27
126,Uchiza,PE,2020-10-28 03:58:54,-8.46,-76.46,71.42,84,99,2.57
127,Lakes Entrance,AU,2020-10-28 03:53:12,-37.88,147.98,69.01,74,17,8.01
128,Khandyga,RU,2020-10-28 03:58:54,62.67,135.6,18.18,94,100,2.64
129,Muros,ES,2020-10-28 03:49:16,42.78,-9.06,54.0,95,97,8.43
130,Rosarito,MX,2020-10-28 03:58:55,32.33,-117.03,69.8,51,5,5.82
131,Usinsk,RU,2020-10-28 03:58:55,65.99,57.53,30.52,98,100,15.28
132,Margate,GB,2020-10-28 03:49:52,51.38,1.39,51.01,83,83,1.99
133,Ancud,CL,2020-10-28 03:51:02,-41.87,-73.82,46.99,93,40,3.36
134,Aksha,RU,2020-10-28 03:58:56,50.28,113.29,39.74,60,25,4.54
135,Isla Mujeres,MX,2020-10-28 03:58:56,21.23,-86.73,82.4,83,75,10.29
136,Haines Junction,CA,2020-10-28 03:58:56,60.75,-137.51,28.56,95,96,1.97
137,Capao Bonito,BR,2020-10-28 03:58:56,-24.01,-48.35,63.1,76,0,3.62
138,Shelburne,CA,2020-10-28 03:58:57,44.08,-80.2,32.0,100,20,3.36
139,Srednekolymsk,RU,2020-10-28 03:52:40,67.45,153.68,14.09,92,86,9.86
140,Kayerkan,RU,2020-10-28 03:58:57,69.35,87.76,-0.56,82,0,5.19
141,East London,ZA,2020-10-28 03:50:30,-33.02,27.91,60.8,93,0,9.17
142,Nunoa,PE,2020-10-28 03:58:57,-14.48,-70.64,44.91,47,45,2.98
143,Bichura,RU,2020-10-28 03:58:58,50.59,107.6,43.48,54,23,0.09
144,Korem,ET,2020-10-28 03:58:58,12.51,39.52,51.51,66,0,2.57
145,Qujing,CN,2020-10-28 03:58:58,25.48,103.78,63.48,76,100,7.0
146,Labayug,PH,2020-10-28 03:58:58,16.15,120.57,85.95,70,81,4.59
147,Mount Gambier,AU,2020-10-28 03:58:59,-37.83,140.77,66.2,52,75,3.36
148,Guerrero Negro,MX,2020-10-28 03:52:23,27.98,-114.06,62.49,37,0,13.71
149,Lompoc,US,2020-10-28 03:55:32,34.64,-120.46,55.4,82,1,3.36
150,Havelock,US,2020-10-28 03:48:41,34.88,-76.9,66.2,93,40,2.51
151,Camana,PE,2020-10-28 03:58:59,-16.62,-72.71,62.4,78,60,6.38
152,Cayenne,GF,2020-10-28 03:50:39,4.93,-52.33,77.0,100,20,9.46
153,Sobolevo,RU,2020-10-28 03:52:21,54.43,31.9,41.88,87,0,10.07
154,Victoria,HK,2020-10-28 03:52:03,22.29,114.16,81.0,68,100,14.0
155,Shimoda,JP,2020-10-28 03:59:01,34.67,138.95,68.0,72,75,9.17
156,Wasilla,US,2020-10-28 03:59:01,61.58,-149.44,30.2,92,90,1.52
157,Portland,US,2020-10-28 03:55:27,45.52,-122.68,48.0,75,1,0.72
158,Nome,US,2020-10-28 03:51:58,64.5,-165.41,33.8,86,90,5.82
159,Guiyang,CN,2020-10-28 03:59:01,26.58,106.72,57.2,87,90,8.95
160,Naze,JP,2020-10-28 03:49:50,28.37,129.48,80.6,61,75,9.17
161,Niksar,TR,2020-10-28 03:59:02,40.59,36.95,64.9,28,0,8.99
162,Faanui,PF,2020-10-28 03:51:31,-16.48,-151.75,79.75,81,100,18.12
163,Kavieng,PG,2020-10-28 03:59:02,-2.57,150.8,85.05,66,58,5.5
164,Beringovskiy,RU,2020-10-28 03:51:06,63.05,179.32,27.28,93,67,12.97
165,Lovozero,RU,2020-10-28 03:59:03,68.0,35.01,35.71,94,98,6.67
166,Carmen,MX,2020-10-28 03:59:03,18.63,-91.83,77.23,84,91,7.81
167,Ondjiva,AO,2020-10-28 03:59:03,-17.07,15.73,66.94,32,43,6.17
168,Sarangani,PH,2020-10-28 03:59:03,5.4,125.46,79.48,76,100,3.85
169,Cabra,ES,2020-10-28 03:59:04,37.47,-4.44,48.0,100,0,1.12
170,Kahului,US,2020-10-28 03:49:10,20.89,-156.47,82.4,69,1,3.36
171,Oskemen,KZ,2020-10-28 03:59:04,49.96,82.61,37.4,51,75,8.95
172,Hami,CN,2020-10-28 03:59:04,42.8,93.45,56.91,30,0,7.78
173,San Patricio,US,2020-10-28 03:50:48,28.02,-97.52,55.4,93,90,18.34
174,Sitka,US,2020-10-28 03:50:23,57.05,-135.33,44.6,87,75,5.82
175,Vila Velha,BR,2020-10-28 03:59:05,-20.33,-40.29,77.0,88,75,8.05
176,Kaitangata,NZ,2020-10-28 03:59:05,-46.28,169.85,52.0,81,58,10.0
177,Perivolion,GR,2020-10-28 03:59:06,39.42,20.01,60.8,87,20,2.24
178,Yeppoon,AU,2020-10-28 03:51:09,-23.13,150.73,84.2,54,40,18.34
179,Hamilton,US,2020-10-28 03:46:59,39.18,-84.53,50.0,93,90,5.82
180,Zaysan,KZ,2020-10-28 03:59:06,47.47,84.87,46.99,53,100,8.48
181,Boende,CD,2020-10-28 03:59:07,-0.22,20.87,71.35,98,100,3.6
182,Thompson,CA,2020-10-28 03:51:47,55.74,-97.86,17.6,78,75,5.82
183,Norman Wells,CA,2020-10-28 03:51:03,65.28,-126.83,1.4,91,75,1.54
184,Inhambane,MZ,2020-10-28 03:59:07,-23.86,35.38,73.81,85,3,8.81
185,Kintampo,GH,2020-10-28 03:59:08,8.06,-1.73,72.73,84,20,2.73
186,Porto Novo,BJ,2020-10-28 03:59:08,6.5,2.6,76.89,87,33,3.06
187,Mezhdurechensk,RU,2020-10-28 03:59:08,53.69,88.06,34.92,88,100,8.32
188,Ville-Marie,CA,2020-10-28 03:59:09,47.33,-79.43,28.4,92,90,5.82
189,Zhuhai,CN,2020-10-28 03:49:35,22.28,113.57,80.6,78,20,9.17
190,Owando,CG,2020-10-28 03:59:09,-0.48,15.9,71.53,99,100,1.97
191,Severo-Kurilsk,RU,2020-10-28 03:51:02,50.68,156.12,45.16,78,9,3.51
192,Imbituba,BR,2020-10-28 03:59:10,-28.24,-48.67,68.0,94,40,0.38
193,Griffith,US,2020-10-28 03:58:21,41.53,-87.42,37.99,79,90,5.82
194,Orapa,BW,2020-10-28 03:59:10,-21.28,25.37,72.52,37,15,10.98
195,Ixtapa,MX,2020-10-28 03:59:10,20.7,-105.2,84.2,79,75,1.54
196,Amga,RU,2020-10-28 03:59:11,60.9,131.96,13.69,92,100,3.33
197,Andros Town,BS,2020-10-28 03:59:11,24.7,-77.77,80.6,88,20,6.93
198,Kysyl-Syr,RU,2020-10-28 03:52:47,63.9,122.76,8.94,89,100,3.09
199,Hamadan,IR,2020-10-28 03:59:11,34.8,48.51,33.8,40,0,2.24
200,Namatanai,PG,2020-10-28 03:59:12,-3.67,152.43,87.06,62,28,1.3
201,Marsa Matruh,EG,2020-10-28 03:59:12,31.35,27.25,60.8,87,0,6.46
202,Tondano,ID,2020-10-28 03:59:12,1.3,124.91,84.27,57,90,2.84
203,Ahipara,NZ,2020-10-28 03:51:31,-35.17,173.17,67.96,68,35,2.73
204,Malyye Derbety,RU,2020-10-28 03:59:13,47.95,44.68,39.51,66,88,13.8
205,Nanortalik,GL,2020-10-28 03:50:55,60.14,-45.24,30.58,90,100,4.7
206,De-Kastri,RU,2020-10-28 03:59:13,51.47,140.78,40.03,88,100,6.44
207,Ilulissat,GL,2020-10-28 03:51:29,69.22,-51.1,10.4,72,73,4.7
208,Salalah,OM,2020-10-28 03:50:27,17.02,54.09,73.4,56,20,2.24
209,Sao Felix Do Xingu,BR,2020-10-28 03:59:14,-6.64,-51.99,74.21,86,26,1.1
210,Gotsu,JP,2020-10-28 03:59:14,35.0,132.22,64.4,72,0,5.82
211,Zhezkazgan,KZ,2020-10-28 03:49:27,47.8,67.71,30.13,90,47,14.07
212,Sangar,RU,2020-10-28 03:52:51,63.92,127.47,4.75,93,100,4.41
213,Hit,IQ,2020-10-28 03:59:14,33.64,42.83,68.14,24,0,7.11
214,Ercis,TR,2020-10-28 03:59:15,39.03,43.36,37.4,64,0,3.36
215,Tura,IN,2020-10-28 03:49:36,25.52,90.22,81.59,68,0,2.28
216,Vangaindrano,MG,2020-10-28 03:59:15,-23.35,47.6,73.62,83,17,1.97
217,Banda Aceh,ID,2020-10-28 03:51:57,5.56,95.32,86.54,59,88,14.09
218,Menongue,AO,2020-10-28 03:59:16,-14.66,17.69,69.93,67,76,8.61
219,Virginia Beach,US,2020-10-28 03:56:03,36.85,-75.98,64.99,95,0,4.61
220,Kouango,CF,2020-10-28 03:59:16,4.99,19.96,70.9,94,94,0.85
221,Cherskiy,RU,2020-10-28 03:51:06,68.75,161.3,14.31,92,100,8.81
222,Bay City,US,2020-10-28 03:59:16,43.59,-83.89,36.0,93,40,6.93
223,Rudbar,AF,2020-10-28 03:59:17,30.15,62.6,62.53,28,0,10.69
224,Poum,NC,2020-10-28 03:52:59,-20.23,164.02,77.34,73,100,9.53
225,Hammerfest,NO,2020-10-28 03:49:23,70.66,23.68,33.8,100,84,8.05
226,Phan Thiet,VN,2020-10-28 03:59:17,10.93,108.1,81.54,78,100,18.97
227,Shestakovo,RU,2020-10-28 03:59:17,56.49,103.96,38.19,84,80,3.74
228,Japura,ID,2020-10-28 03:49:51,-0.32,102.35,94.28,50,85,1.97
229,Fujin,CN,2020-10-28 03:59:18,47.26,132.03,46.31,54,0,8.57
230,Vredendal,ZA,2020-10-28 03:59:18,-31.67,18.5,57.97,78,75,3.96
231,Souillac,MU,2020-10-28 03:50:39,-20.52,57.52,75.99,74,4,3.0
232,Jalu,LY,2020-10-28 03:49:25,29.03,21.55,68.07,49,0,9.22
233,Tall Kayf,TR,2020-10-28 03:59:19,37.08,41.07,60.8,29,0,4.29
234,Antofagasta,CL,2020-10-28 03:56:03,-23.65,-70.4,57.2,87,40,8.05
235,Tecoanapa,MX,2020-10-28 03:59:20,16.52,-98.75,80.35,85,85,4.21
236,Hasaki,JP,2020-10-28 03:59:20,35.73,140.83,68.0,56,75,3.36
237,Dingli,MT,2020-10-28 03:59:20,35.86,14.38,62.01,82,20,9.17
238,Bischofswerda,DE,2020-10-28 03:59:20,51.13,14.18,44.01,84,83,10.0
239,Tommot,RU,2020-10-28 03:59:20,58.96,126.29,17.56,91,100,2.59
240,Champerico,GT,2020-10-28 03:59:21,14.3,-91.92,64.99,99,72,8.72
241,Torbay,CA,2020-10-28 03:51:43,47.67,-52.73,39.0,100,90,8.05
242,Boden,SE,2020-10-28 03:59:21,65.83,21.69,37.4,100,100,1.12
243,Palmer,US,2020-10-28 03:51:36,42.16,-72.33,48.0,81,90,4.7
244,Caronport,CA,2020-10-28 03:59:21,50.45,-105.82,44.82,72,73,18.5
245,Arroyo,ES,2020-10-28 03:59:22,41.61,-4.8,51.01,93,90,9.17
246,Roncesvalles,CO,2020-10-28 03:59:22,4.01,-75.6,55.13,91,100,3.65
247,Ponta Do Sol,PT,2020-10-28 03:51:23,32.67,-17.1,66.2,68,75,3.36
248,Baruun-Urt,MN,2020-10-28 03:59:22,46.68,113.28,40.84,55,0,12.82
249,Kudahuvadhoo,MV,2020-10-28 03:59:22,2.67,72.89,83.34,74,76,13.47
250,Klaksvik,FO,2020-10-28 03:59:23,62.23,-6.59,46.4,81,99,11.41
251,Coquimbo,CL,2020-10-28 03:55:11,-29.95,-71.34,53.6,87,0,9.17
252,Xai-Xai,MZ,2020-10-28 03:59:23,-25.05,33.64,71.37,84,74,8.61
253,Murray Bridge,AU,2020-10-28 03:59:23,-35.12,139.27,71.01,58,0,8.21
254,Westport,US,2020-10-28 03:59:23,41.14,-73.36,53.6,58,90,5.82
255,Tessalit,ML,2020-10-28 03:59:24,20.2,1.01,74.21,20,0,6.64
256,Arraial Do Cabo,BR,2020-10-28 03:50:36,-22.97,-42.03,72.66,92,20,19.77
257,Yerbogachen,RU,2020-10-28 03:59:24,61.28,108.01,21.88,92,93,6.6
258,Aykhal,RU,2020-10-28 03:59:24,66.0,111.5,-5.04,89,57,4.34
259,Abu Samrah,SY,2020-10-28 03:51:02,35.3,37.18,68.49,23,95,4.29
260,Horta,PT,2020-10-28 03:59:25,38.53,-28.63,62.33,62,100,4.5
261,San Vicente,AR,2020-10-28 03:59:25,-26.62,-54.13,55.54,77,0,0.76
262,Severomuysk,RU,2020-10-28 03:59:25,56.15,113.43,16.12,89,86,2.15
263,Thinadhoo,MV,2020-10-28 03:59:25,0.53,72.93,84.43,65,44,11.45
264,Smithers,CA,2020-10-28 03:59:26,54.78,-127.17,33.8,100,75,2.46
265,Khatanga,RU,2020-10-28 03:50:34,71.97,102.5,-5.57,90,28,9.37
266,Bend,US,2020-10-28 03:59:26,44.06,-121.32,48.99,29,1,5.82
267,Tuatapere,NZ,2020-10-28 03:50:32,-46.13,167.68,55.0,76,100,11.01
268,Sioux Lookout,CA,2020-10-28 03:59:26,50.1,-91.92,26.6,86,90,12.75
269,Luderitz,NA,2020-10-28 03:52:08,-26.65,15.16,55.47,81,0,9.75
270,Airai,TL,2020-10-28 03:56:28,-8.93,125.41,74.82,69,62,3.49
271,Maldonado,UY,2020-10-28 03:59:27,-34.67,-54.92,59.0,100,90,12.75
272,Sabang,ID,2020-10-28 03:59:10,5.89,95.32,82.71,74,98,21.12
273,Belyy Yar,RU,2020-10-28 03:59:28,53.6,91.39,32.0,69,94,2.24
274,Manoharpur,IN,2020-10-28 03:59:28,27.3,75.95,78.8,26,0,2.24
275,Lorengau,PG,2020-10-28 03:51:59,-2.02,147.27,85.82,65,62,1.68
276,Sinnamary,GF,2020-10-28 03:59:28,5.38,-52.95,79.38,84,20,9.6
277,Varhaug,NO,2020-10-28 03:49:41,58.61,5.65,48.0,99,99,7.0
278,Lata,PT,2020-10-28 03:53:09,40.16,-8.33,62.01,94,100,3.98
279,Oranjemund,NA,2020-10-28 03:59:29,-28.55,16.43,54.75,91,5,4.07
280,Verkhnevilyuysk,RU,2020-10-28 03:59:29,63.45,120.32,10.6,88,100,2.57
281,Neiafu,TO,2020-10-28 03:59:29,-18.65,-173.98,78.8,69,75,11.41
282,Wamba,NG,2020-10-28 03:59:30,8.93,8.6,70.97,50,0,3.91
283,Zongolica,MX,2020-10-28 03:59:30,18.67,-96.98,70.02,85,97,1.14
284,Puerto Leguizamo,CO,2020-10-28 03:59:30,-0.19,-74.78,74.93,94,95,2.77
285,Sorong,ID,2020-10-28 03:54:54,-0.88,131.25,84.36,70,75,2.86
286,Bambous Virieux,MU,2020-10-28 03:52:57,-20.34,57.76,75.99,74,14,3.0
287,Adre,TD,2020-10-28 03:59:31,13.47,22.2,74.21,26,7,14.12
288,Kamaishi,JP,2020-10-28 03:59:31,39.27,141.88,57.2,50,40,3.36
289,College,US,2020-10-28 03:50:37,64.86,-147.8,28.4,92,90,4.7
290,Baykit,RU,2020-10-28 03:59:32,61.67,96.37,16.36,92,100,14.88
291,Douglas,US,2020-10-28 03:55:39,41.3,-96.17,33.8,55,1,5.82
292,Ponta Delgada,PT,2020-10-28 03:59:32,37.73,-25.67,62.6,63,75,5.19
293,Hambantota,LK,2020-10-28 03:59:32,6.12,81.12,83.82,69,94,5.68
294,Kungalv,SE,2020-10-28 03:59:33,57.87,11.98,48.99,96,94,4.0
295,Lagoa,PT,2020-10-28 03:59:33,39.05,-27.98,62.17,64,100,5.35
296,Sao Joao Da Barra,BR,2020-10-28 03:51:53,-21.64,-41.05,73.98,93,87,11.07
297,Okhotsk,RU,2020-10-28 03:51:52,59.38,143.3,33.22,79,0,4.97
298,Padang,ID,2020-10-28 03:54:55,-0.95,100.35,86.31,57,41,4.0
299,Finsterwalde,DE,2020-10-28 03:59:34,51.63,13.72,46.4,81,75,6.93
300,Severnoye,RU,2020-10-28 03:59:34,56.35,78.36,25.72,95,99,15.05
301,Pacifica,US,2020-10-28 03:46:10,37.61,-122.49,64.4,36,20,9.17
302,Presidencia Roque Saenz Pena,AR,2020-10-28 03:59:34,-26.79,-60.44,65.21,68,0,5.19
303,Salym,RU,2020-10-28 03:59:34,60.06,71.48,13.6,94,84,8.5
304,Mkushi,ZM,2020-10-28 03:59:35,-13.62,29.39,68.22,50,0,8.52
305,Piacabucu,BR,2020-10-28 03:59:35,-10.41,-36.43,75.88,87,98,12.06
306,North Platte,US,2020-10-28 03:54:47,41.12,-100.77,24.01,85,1,3.36
307,Provideniya,RU,2020-10-28 03:51:41,64.38,-173.3,32.0,96,75,13.42
308,Hirara,JP,2020-10-28 03:59:35,24.8,125.28,80.6,69,40,13.87
309,Caravelas,BR,2020-10-28 03:59:36,-17.71,-39.25,76.66,92,94,9.17
310,Markivka,UA,2020-10-28 03:59:36,49.52,39.57,39.58,71,12,13.35
311,Batagay-Alyta,RU,2020-10-28 03:59:36,67.8,130.41,4.23,83,0,2.04
312,Grafton,US,2020-10-28 03:59:36,42.21,-71.69,46.99,81,90,3.36
313,Libertador General San Martin,AR,2020-10-28 03:59:37,-23.81,-64.79,72.0,56,0,2.71
314,Coihaique,CL,2020-10-28 03:52:33,-45.58,-72.07,39.2,93,75,4.7
315,Inongo,CD,2020-10-28 03:59:37,-1.95,18.27,71.51,95,100,3.62
316,Pitimbu,BR,2020-10-28 03:59:37,-7.47,-34.81,77.0,88,40,4.7
317,Jardim,BR,2020-10-28 03:59:38,-21.48,-56.14,68.04,74,0,2.55
318,Kumluca,TR,2020-10-28 03:59:38,36.37,30.29,69.26,54,0,5.39
319,Ambilobe,MG,2020-10-28 03:59:38,-13.2,49.05,77.67,63,1,4.18
320,Nicoya,CR,2020-10-28 03:59:38,10.15,-85.45,74.86,92,94,1.92
321,Carnarvon,AU,2020-10-28 03:59:38,-24.87,113.63,75.2,64,0,24.16
322,Kodiak,US,2020-10-28 03:47:52,57.79,-152.41,42.8,56,90,6.96
323,Denpasar,ID,2020-10-28 03:57:51,-8.65,115.22,86.0,89,20,4.7
324,Aripuana,BR,2020-10-28 03:59:39,-9.17,-60.63,74.53,82,69,2.48
325,San Quintin,MX,2020-10-28 03:59:39,30.48,-115.95,60.85,54,0,1.19
326,Nehe,CN,2020-10-28 03:57:44,48.48,124.83,39.11,64,28,12.62
327,Boton,PH,2020-10-28 03:59:40,12.93,124.05,86.22,69,21,4.16
328,Okahandja,NA,2020-10-28 03:59:40,-21.98,16.92,72.0,39,86,5.99
329,Gayny,RU,2020-10-28 03:59:41,60.31,54.32,30.92,97,99,8.9
330,Belaya Gora,RU,2020-10-28 03:59:41,68.53,146.42,6.49,94,38,6.44
331,Syava,RU,2020-10-28 03:59:41,58.01,46.32,32.38,96,0,8.34
332,Bethel,US,2020-10-28 03:50:41,41.37,-73.41,50.0,61,90,3.36
333,Nara,JP,2020-10-28 03:57:35,34.69,135.8,73.99,46,75,2.24
334,Lodja,CD,2020-10-28 03:59:42,-3.48,23.43,68.16,95,100,1.32
335,Pavilosta,LV,2020-10-28 03:59:42,56.89,21.19,51.8,81,35,10.29
336,Kamenka,RU,2020-10-28 03:55:20,51.32,42.77,31.95,88,1,10.51
337,Atambua,ID,2020-10-28 03:52:08,-9.11,124.89,86.34,56,99,2.08
338,Sakassou,CI,2020-10-28 03:59:43,7.45,-5.29,73.4,100,75,4.7
339,Olafsvik,IS,2020-10-28 03:59:43,64.89,-23.71,39.45,71,100,19.75
340,Dennery,LC,2020-10-28 03:59:43,13.9,-60.89,82.4,83,75,12.75
341,Bathsheba,BB,2020-10-28 03:59:09,13.22,-59.52,80.6,83,40,17.22
342,Los Alamos,US,2020-10-28 03:59:43,35.89,-106.31,26.6,79,1,3.85
343,Coahuayana,MX,2020-10-28 03:52:11,18.73,-103.68,77.9,89,77,1.32
344,Te Anau,NZ,2020-10-28 03:52:53,-45.42,167.72,62.96,41,89,2.93
345,Moba,CN,2020-10-28 03:59:44,33.23,105.02,47.62,58,76,3.4
346,Port Augusta,AU,2020-10-28 03:59:44,-32.5,137.77,72.0,40,0,8.05
347,Ngunguru,NZ,2020-10-28 03:59:45,-35.62,174.5,63.95,88,89,8.93
348,Palembang,ID,2020-10-28 03:56:43,-2.92,104.75,89.98,56,81,5.57
349,Springfield,US,2020-10-28 03:56:19,37.22,-93.3,39.0,93,90,9.17
350,Caramay,PH,2020-10-28 03:59:46,10.18,119.24,84.31,69,94,5.37
351,San Jose,US,2020-10-28 03:59:46,37.34,-121.89,63.0,38,0,0.78
352,Kasongo-Lunda,CD,2020-10-28 03:59:46,-6.47,16.82,70.0,94,100,1.7
353,Sao Filipe,CV,2020-10-28 03:51:26,14.9,-24.5,81.37,69,90,3.78
354,Neyshabur,IR,2020-10-28 03:59:47,36.21,58.8,52.72,40,0,1.9
355,Port Macquarie,AU,2020-10-28 03:52:04,-31.43,152.92,71.01,72,90,12.75
356,Namibe,AO,2020-10-28 03:52:58,-15.2,12.15,69.31,85,2,5.26
357,Mehamn,NO,2020-10-28 03:51:40,71.04,27.85,37.4,86,75,12.75
358,Pemangkat,ID,2020-10-28 03:51:25,1.17,108.97,85.8,66,76,8.5
359,Cadillac,US,2020-10-28 03:59:48,44.25,-85.4,28.4,86,1,3.36
360,Xuddur,SO,2020-10-28 03:59:48,4.12,43.89,73.18,82,94,9.78
361,Pangody,RU,2020-10-28 03:59:49,65.85,74.49,0.32,89,0,7.78
362,Christchurch,NZ,2020-10-28 03:56:24,-43.53,172.63,57.2,62,57,17.22
363,Bhind,IN,2020-10-28 03:59:49,26.56,78.79,80.4,18,0,0.51
364,Porto Walter,BR,2020-10-28 03:59:50,-8.27,-72.74,76.95,69,100,1.03
365,Plettenberg Bay,ZA,2020-10-28 03:59:50,-34.05,23.37,60.04,71,45,5.99
366,Bucak,TR,2020-10-28 03:59:50,37.46,30.59,68.0,87,0,3.36
367,Los Llanos De Aridane,ES,2020-10-28 03:50:22,28.66,-17.92,69.8,64,75,8.05
368,Port Lincoln,AU,2020-10-28 03:51:37,-34.73,135.87,66.29,56,0,6.69
369,Half Moon Bay,US,2020-10-28 03:52:28,37.46,-122.43,64.4,36,5,2.73
370,Broome,US,2020-10-28 03:53:13,42.25,-75.83,46.0,87,90,3.36
371,Chapais,CA,2020-10-28 03:59:52,49.78,-74.85,23.0,73,90,8.05
372,Qaqortoq,GL,2020-10-28 03:59:52,60.72,-46.03,30.2,74,100,1.12
373,Rawlins,US,2020-10-28 03:51:02,41.79,-107.24,19.4,73,1,3.36
374,Teahupoo,PF,2020-10-28 03:59:53,-17.83,-149.27,82.4,74,75,16.11
375,Kidal,ML,2020-10-28 03:59:53,18.44,1.41,75.07,18,8,7.96
376,San Cristobal,VE,2020-10-28 03:51:44,7.77,-72.22,66.34,92,56,2.13
377,Podgornoye,RU,2020-10-28 03:59:54,51.73,39.15,32.0,72,0,8.95
378,Isangel,VU,2020-10-28 03:50:47,-19.55,169.27,78.62,69,13,16.98
379,Pritzwalk,DE,2020-10-28 03:59:54,53.15,12.17,51.01,83,100,5.99
380,Megion,RU,2020-10-28 03:59:54,61.03,76.11,8.6,84,0,8.95
381,Port Hedland,AU,2020-10-28 03:59:55,-20.32,118.57,86.0,55,24,13.87
382,San Juan,AR,2020-10-28 03:51:20,-31.54,-68.54,67.37,26,44,6.93
383,Aldan,RU,2020-10-28 03:59:55,58.6,125.39,12.18,94,100,4.0
384,Gorom-Gorom,BF,2020-10-28 03:59:55,14.44,-0.24,77.34,17,0,4.97
385,Tiznit,MA,2020-10-28 03:59:55,29.58,-9.5,61.12,54,72,0.92
386,Umm Kaddadah,SD,2020-10-28 03:59:56,13.6,26.69,79.02,22,0,15.17
387,Bardiyah,LY,2020-10-28 03:59:56,31.76,25.09,69.53,63,0,17.0
388,Kachiry,KZ,2020-10-28 03:59:56,53.07,76.1,30.61,96,70,17.76
389,Mentougou,CN,2020-10-28 03:59:56,39.94,116.09,66.0,21,98,2.06
390,Almaznyy,RU,2020-10-28 03:59:56,48.04,40.05,48.2,76,40,22.37
391,Talnakh,RU,2020-10-28 03:59:57,69.49,88.4,-3.21,80,0,5.46
392,Texarkana,US,2020-10-28 03:59:57,33.43,-94.05,51.8,87,90,4.7
393,Itarema,BR,2020-10-28 03:59:57,-2.92,-39.92,76.96,85,100,10.16
394,Bowen,AU,2020-10-28 03:51:19,-20.02,148.23,89.6,43,75,12.75
395,Udachnyy,RU,2020-10-28 03:50:24,66.42,112.4,-7.69,89,94,2.75
396,Gbarnga,LR,2020-10-28 03:59:58,7.0,-9.47,70.9,93,70,1.54
397,Vuktyl,RU,2020-10-28 03:59:58,63.86,57.31,32.14,98,100,9.93
398,Burnie,AU,2020-10-28 03:59:58,-41.07,145.92,62.01,52,79,8.99
399,Road Town,VG,2020-10-28 03:59:58,18.42,-64.62,81.0,89,4,13.0
400,Jerantut,MY,2020-10-28 03:59:24,3.94,102.36,91.29,53,90,1.45
401,Port Moresby,PG,2020-10-28 03:59:59,-9.44,147.18,78.8,94,90,20.8
402,Kavaratti,IN,2020-10-28 03:59:59,10.57,72.64,81.99,74,52,6.67
403,Seymchan,RU,2020-10-28 03:59:59,62.88,152.43,15.8,91,7,0.72
404,Pryazha,RU,2020-10-28 03:59:59,61.69,33.62,50.0,87,100,6.71
405,Bara,NG,2020-10-28 04:00:00,10.37,10.73,71.35,32,0,3.91
406,Swellendam,ZA,2020-10-28 04:00:00,-34.02,20.44,59.0,87,100,3.36
407,Hovd,MN,2020-10-28 03:58:54,48.01,91.64,41.85,53,8,2.26
408,Leogane,HT,2020-10-28 04:00:01,18.51,-72.63,82.4,74,0,4.7
409,Zarya,RU,2020-10-28 04:00:02,55.76,38.1,46.0,100,3,6.71
410,Banyo,CM,2020-10-28 04:00:03,6.75,11.82,64.63,74,44,2.98
411,Manitouwadge,CA,2020-10-28 04:00:05,49.12,-85.84,30.47,98,100,13.24
412,Burgersdorp,ZA,2020-10-28 04:00:06,-31.0,26.33,62.15,59,0,6.31
413,Liverpool,GB,2020-10-28 04:00:08,53.41,-2.98,46.99,87,86,14.99
414,Ndola,ZM,2020-10-28 04:00:08,-12.96,28.64,63.68,55,0,6.02
415,Marsh Harbour,BS,2020-10-28 04:00:09,26.54,-77.06,81.23,80,69,13.0
416,Sorland,NO,2020-10-28 04:00:09,67.67,12.69,41.0,86,20,2.24
417,Bandundu,CD,2020-10-28 04:00:10,-3.32,17.37,71.22,98,100,2.57
418,Kashi,CN,2020-10-28 03:59:12,39.45,75.98,48.2,36,0,4.47
419,Guano,EC,2020-10-28 04:00:11,-1.58,-78.63,50.49,83,100,1.23
420,Tafo,GH,2020-10-28 04:00:12,6.73,-1.61,70.43,97,100,1.59
421,Sur,OM,2020-10-28 04:00:13,22.57,59.53,77.72,53,0,2.84
422,Comodoro Rivadavia,AR,2020-10-28 04:00:01,-45.87,-67.5,55.4,35,0,24.16
423,Saquarema,BR,2020-10-28 04:00:14,-22.92,-42.51,70.77,93,10,5.66
424,Sambava,MG,2020-10-28 04:00:14,-14.27,50.17,75.51,73,2,7.7
425,Guaruja,BR,2020-10-28 04:00:15,-23.99,-46.26,77.0,26,38,1.12
426,Redmond,US,2020-10-28 03:56:25,47.67,-122.12,50.0,90,28,3.2
427,Nsukka,NG,2020-10-28 04:00:16,6.86,7.39,68.88,100,74,2.73
428,Saint-Ambroise,CA,2020-10-28 04:00:16,48.55,-71.33,27.0,79,75,3.36
429,Daru,PG,2020-10-28 04:00:16,-9.08,143.21,76.51,91,100,2.73
430,Nelson,NZ,2020-10-28 04:00:17,-41.28,173.28,63.0,58,82,1.99
431,Shache,CN,2020-10-28 04:00:17,38.42,77.24,52.09,38,100,4.21
432,Navsari,IN,2020-10-28 04:00:17,20.95,72.93,81.66,46,0,4.52
433,Waterfoot,GB,2020-10-28 04:00:18,53.69,-2.25,44.01,94,75,8.01
434,Leningradskiy,RU,2020-10-28 03:50:54,69.38,178.42,18.18,90,0,15.99
435,Rio Gallegos,AR,2020-10-28 03:56:52,-51.62,-69.22,48.2,36,20,21.92
436,Vitim,RU,2020-10-28 03:57:47,59.45,112.56,21.52,88,9,3.02
437,Sao Luis De Montes Belos,BR,2020-10-28 04:00:19,-16.52,-50.37,72.07,91,92,2.55
438,Cururupu,BR,2020-10-28 04:00:19,-1.83,-44.87,74.89,93,41,3.18
439,Domoni,KM,2020-10-28 04:00:20,-12.26,44.53,77.34,75,13,4.54
440,El Vigia,VE,2020-10-28 04:00:20,8.62,-71.65,75.9,78,11,2.28
441,Yajalon,MX,2020-10-28 04:00:20,17.23,-92.33,67.41,98,99,1.86
442,Port Hardy,CA,2020-10-28 04:00:05,50.7,-127.42,46.4,100,90,6.93
443,Pringsewu,ID,2020-10-28 04:00:21,-5.36,104.97,87.91,58,67,5.19
444,Saint-Francois,FR,2020-10-28 03:58:27,46.42,3.91,51.8,87,90,5.82
445,Dire Dawa,ET,2020-10-28 04:00:21,9.59,41.87,68.92,27,78,2.28
446,Senador Guiomard,BR,2020-10-28 04:00:22,-10.15,-67.74,71.6,100,0,4.7
447,Nanchong,CN,2020-10-28 04:00:22,30.8,106.08,58.57,80,100,5.95
448,Chenghai,CN,2020-10-28 04:00:22,23.46,116.77,84.2,51,0,8.95
449,Aasiaat,GL,2020-10-28 03:51:51,68.71,-52.87,13.64,95,84,2.86
450,Goderich,CA,2020-10-28 04:00:04,43.75,-81.72,44.01,75,97,12.44
451,Botngard,NO,2020-10-28 04:00:23,63.77,9.81,45.0,86,0,9.17
452,Rizhao,CN,2020-10-28 04:00:23,35.43,119.46,64.02,34,79,10.25
453,Fairlie,GB,2020-10-28 04:00:24,55.76,-4.86,48.0,84,99,5.99
454,Carauari,BR,2020-10-28 04:00:24,-4.88,-66.9,75.54,95,100,1.41
455,Turukhansk,RU,2020-10-28 04:00:25,65.82,87.98,6.37,86,97,20.04
456,Caucaia,BR,2020-10-28 03:52:20,-3.74,-38.65,80.6,78,40,8.05
457,Alofi,NU,2020-10-28 03:53:08,-19.06,-169.92,77.0,69,75,21.92
458,Canutama,BR,2020-10-28 04:00:26,-6.53,-64.38,72.95,95,100,2.28
459,Anzio,IT,2020-10-28 04:00:27,41.49,12.62,53.01,87,5,10.29
460,Calvinia,ZA,2020-10-28 04:00:27,-31.47,19.78,48.94,61,18,4.0
461,Gazli,UZ,2020-10-28 04:00:27,40.13,63.45,41.18,60,0,8.34
462,Zalari,RU,2020-10-28 04:00:27,53.56,102.51,38.7,74,11,9.17
463,Arlit,NE,2020-10-28 04:00:28,18.74,7.39,74.14,18,2,9.08
464,Beyneu,KZ,2020-10-28 04:00:28,45.32,55.2,33.13,84,0,8.23
465,Eydhafushi,MV,2020-10-28 04:00:29,5.1,73.07,83.07,74,11,8.43
466,Bluefields,NI,2020-10-28 04:00:29,12.01,-83.76,78.31,88,100,1.79
467,Punta Alta,AR,2020-10-28 04:00:29,-38.88,-62.07,54.63,67,9,9.89
468,Coracao De Maria,BR,2020-10-28 04:00:30,-12.23,-38.75,72.07,94,100,5.32
469,Rong Kwang,TH,2020-10-28 04:00:30,18.34,100.32,85.01,63,47,3.2
470,Maragogi,BR,2020-10-28 03:47:57,-9.01,-35.22,75.34,84,96,8.37
471,Aksu,CN,2020-10-28 04:00:30,41.12,80.26,52.34,38,100,1.97
472,Paamiut,GL,2020-10-28 04:00:31,61.99,-49.67,28.09,85,100,17.65
473,Krasnyy Chikoy,RU,2020-10-28 04:00:31,50.36,108.75,41.65,58,32,3.11
474,Bay Roberts,CA,2020-10-28 04:00:31,47.6,-53.26,37.4,100,90,8.05
475,Umm Lajj,SA,2020-10-28 04:00:32,25.02,37.27,83.62,36,0,4.94
476,Itambe,BR,2020-10-28 04:00:32,-15.24,-40.62,71.19,90,100,1.41
477,Campoverde,PE,2020-10-28 04:00:32,-8.48,-74.81,76.84,86,98,2.62
478,Gainesville,US,2020-10-28 03:56:18,29.65,-82.32,75.99,94,90,4.7
479,Kuytun,RU,2020-10-28 04:00:33,54.34,101.5,36.7,79,2,11.61
480,Sosnogorsk,RU,2020-10-28 04:00:33,63.6,53.88,36.28,97,100,8.48
481,Ishim,RU,2020-10-28 04:00:33,56.11,69.49,23.36,93,62,14.41
482,Iqaluit,CA,2020-10-28 03:50:56,63.75,-68.51,21.2,62,90,5.82
483,Sale,MA,2020-10-28 04:00:33,34.04,-6.82,50.0,93,0,5.12
484,Storsteinnes,NO,2020-10-28 04:00:34,69.24,19.23,33.8,92,90,1.12
485,North Bend,US,2020-10-28 03:57:50,43.41,-124.22,51.01,87,1,6.93
486,Melilla,ES,2020-10-28 04:00:35,35.29,-2.94,51.8,62,0,1.12
487,Linguere,SN,2020-10-28 03:58:38,15.4,-15.12,76.62,18,0,4.85
488,Gushikawa,JP,2020-10-28 03:52:27,26.35,127.87,82.4,58,20,13.87
489,Cuajinicuilapa,MX,2020-10-28 04:00:35,16.47,-98.42,76.93,92,99,1.83
490,Chadan,RU,2020-10-28 04:00:36,51.28,91.58,32.18,86,100,3.71
491,Ketchikan,US,2020-10-28 03:51:32,55.34,-131.65,46.4,100,90,1.32
492,Pevek,RU,2020-10-28 04:00:36,69.7,170.31,21.04,95,100,8.9
493,Rawson,AR,2020-10-28 03:49:29,-43.3,-65.1,56.59,36,36,13.06
494,Sibolga,ID,2020-10-28 04:00:37,1.74,98.78,85.86,57,56,4.45
495,Bolivar,US,2020-10-28 03:58:39,37.61,-93.41,35.01,95,96,4.34
496,Suluq,LY,2020-10-28 04:00:38,31.67,20.25,69.01,68,71,9.42
497,Kande,TG,2020-10-28 04:00:38,9.96,1.04,66.2,77,79,4.7
498,Flinders,AU,2020-10-28 04:00:38,-34.58,150.86,69.01,63,40,8.05
499,Hameenlinna,FI,2020-10-28 04:00:38,61.0,24.46,45.0,93,90,8.05
500,Nantucket,US,2020-10-28 04:00:39,41.28,-70.1,52.0,63,90,5.82
501,Lazaro Cardenas,MX,2020-10-28 04:00:39,17.96,-102.2,79.57,87,12,6.64
502,Urusha,RU,2020-10-28 03:52:57,54.05,122.9,24.64,88,97,5.91
503,Ulladulla,AU,2020-10-28 04:00:40,-35.35,150.47,66.2,63,40,8.05
504,Camacha,PT,2020-10-28 04:00:40,33.08,-16.33,64.4,77,40,5.82
505,Gornopravdinsk,RU,2020-10-28 04:00:40,60.05,69.9,16.02,95,100,6.24
506,Preston,GB,2020-10-28 04:00:40,53.77,-2.72,46.0,89,83,11.79
507,Gondanglegi,ID,2020-10-28 04:00:41,-7.75,112.01,88.83,59,92,12.12
508,Joshimath,IN,2020-10-28 04:00:41,30.57,79.57,63.05,22,0,3.78
509,Hofn,IS,2020-10-28 04:00:42,64.25,-15.21,40.6,78,100,23.87
510,Khor,RU,2020-10-28 03:52:21,47.89,134.95,43.11,72,100,8.72
511,Bilibino,RU,2020-10-28 03:59:46,68.05,166.44,5.52,90,100,1.54
512,Beloha,MG,2020-10-28 04:00:43,-25.17,45.05,74.1,73,90,16.46
513,Lasa,IT,2020-10-28 03:51:44,46.62,10.7,39.99,86,5,3.36
514,Lima,PE,2020-10-28 03:58:36,-12.04,-77.03,62.6,77,20,11.41
515,Krasnyy Profintern,RU,2020-10-28 04:00:44,57.74,40.44,42.8,87,40,8.95
516,Twentynine Palms,US,2020-10-28 04:00:44,34.14,-116.05,57.2,11,1,4.7
517,Eureka,US,2020-10-28 03:49:58,40.8,-124.16,50.0,81,1,2.48
518,Xuanhua,CN,2020-10-28 04:00:45,40.61,115.04,51.6,34,100,5.03
519,Rolante,BR,2020-10-28 04:00:45,-29.65,-50.58,62.01,91,98,1.01
520,Huarmey,PE,2020-10-28 03:51:58,-10.07,-78.15,63.25,87,89,7.2
521,Pangnirtung,CA,2020-10-28 03:51:32,66.15,-65.71,8.35,76,0,4.03
522,Beaufort,MY,2020-10-28 04:00:46,5.35,115.75,89.6,59,20,3.36
523,Mishan,CN,2020-10-28 04:00:47,45.55,131.88,46.54,50,0,10.58
524,Guanay,BO,2020-10-28 04:00:47,-15.5,-67.88,70.77,71,11,1.86
525,Novoagansk,RU,2020-10-28 04:00:47,61.94,76.66,10.38,93,64,13.4
526,Ankang,CN,2020-10-28 04:00:48,32.68,109.02,55.49,81,100,1.19
527,Loandjili,CG,2020-10-28 04:00:48,-4.76,11.86,78.8,88,90,8.05
528,Alyangula,AU,2020-10-28 04:00:48,-13.85,136.42,86.0,58,75,8.05
529,Vostok,RU,2020-10-28 04:00:49,46.49,135.88,33.98,100,100,1.9
530,Antalaha,MG,2020-10-28 04:00:49,-14.9,50.28,75.72,71,1,5.21
531,Dolores,AR,2020-10-28 04:00:50,-36.31,-57.68,48.29,69,0,1.86
532,Trinidad,BO,2020-10-28 04:00:50,-14.83,-64.9,76.17,79,52,5.06
533,Biak,ID,2020-10-28 04:00:50,-0.91,122.88,85.73,61,89,6.58
534,Laurinburg,US,2020-10-28 04:00:51,34.77,-79.46,66.0,93,20,4.27
535,Svetlogorsk,BY,2020-10-28 03:52:24,52.63,29.73,44.06,91,1,6.38
536,Clyde River,CA,2020-10-28 03:50:56,70.47,-68.59,14.0,61,1,6.93
537,Owosso,US,2020-10-28 04:00:51,43.0,-84.18,37.99,93,90,6.93
538,Komsomolskiy,UZ,2020-10-28 04:00:52,40.43,71.72,50.0,53,100,4.7
539,Sisimiut,GL,2020-10-28 04:00:52,66.94,-53.67,17.65,89,0,10.29
540,Parati,BR,2020-10-28 04:00:53,-23.22,-44.71,73.29,80,0,2.62
541,Black River,JM,2020-10-28 04:00:53,18.03,-77.85,82.4,83,40,1.12
542,Henties Bay,NA,2020-10-28 03:51:46,-22.12,14.28,57.99,89,95,9.28
543,Kisangani,CD,2020-10-28 04:00:53,0.52,25.2,69.89,98,100,3.69
544,Kupino,RU,2020-10-28 04:00:54,54.37,77.3,30.78,97,52,16.04
545,Petropavlovsk-Kamchatskiy,RU,2020-10-28 04:00:54,53.05,158.65,46.4,65,40,6.71
546,Necochea,AR,2020-10-28 04:00:54,-38.55,-58.74,51.01,86,61,1.01
547,Soe,ID,2020-10-28 04:00:55,-9.86,124.28,83.75,55,39,8.23
548,Padre Bernardo,BR,2020-10-28 04:00:55,-15.35,-48.5,71.62,88,99,1.63
549,Lyubar,UA,2020-10-28 04:00:56,49.92,27.76,48.85,94,0,6.2
550,Geraldton,AU,2020-10-28 03:50:56,-28.77,114.6,75.2,47,0,19.46
551,Pingliang,CN,2020-10-28 04:00:56,35.54,106.69,46.98,61,83,4.43
552,Kenora,CA,2020-10-28 04:00:56,49.82,-94.43,28.4,92,90,11.41
553,Santa Vitoria,BR,2020-10-28 04:00:57,-18.84,-50.12,74.7,74,1,1.79
554,Roma,US,2020-10-28 04:00:57,43.21,-75.46,41.0,86,90,1.07
555,Waw,SS,2020-10-28 04:00:57,7.7,28.0,71.94,77,44,0.47
556,Foumbot,CM,2020-10-28 04:00:58,5.51,10.64,63.54,88,25,2.04
557,Huanren,CN,2020-10-28 04:00:58,41.26,125.37,48.61,44,0,8.46
558,Kulhudhuffushi,MV,2020-10-28 04:00:59,6.62,73.07,82.8,72,6,6.96
559,Meadow Lake,US,2020-10-28 04:00:04,34.8,-106.54,30.99,80,75,3.36
560,Toktogul,KG,2020-10-28 04:00:59,41.87,72.94,47.46,62,100,1.23
561,Akhtubinsk,RU,2020-10-28 04:00:33,48.28,46.17,36.9,71,80,12.3
